SARS-CoV-2 derived epitope,HLA,Protein,Start,Stop,Conservation,Studies (count),Response freq. (overall),Studies
MEVTPSGTWL,HLA-B*40:01,N,322,331,0.996,4,0.255,"Peng et al., 2020,Nelde et al., 2020,﻿Schulien et al., 2020,Tarke et al., 2020"
QLIRAAEIRASANLAATK,HLA-DRB1*04:01,S,1011,1028,0.997,1,0.029,"Peng et al., 2020"
YLQPRTFLL,HLA-A*02:01,S,269,277,0.947,7,0.707,"Shomuradova et al., 2020,﻿Ferretti et al., 2020,Kared et al., 2020,Nielsen et al., 2020,Sekine et al., 2020,Habel et al., 2020,Tarke et al., 2020"
KIADYNYKL,HLA-A*02:01,S,417,425,0.997,1,0.286,"Shomuradova et al., 2020"
KLPDDFTGCV,HLA-A*02:01,S,424,433,1,2,0.188,"Shomuradova et al., 2020,Chour et al., 2020"
LLFNKVTLA,HLA-A*02:01,S,821,829,0.997,2,0.25,"Shomuradova et al., 2020,Chour et al., 2020"
ALNTLVKQL,HLA-A*02:01,S,958,966,1,2,0.091,"Shomuradova et al., 2020,Hu et al., 2020"
VLNDILSRL,HLA-A*02:01,S,976,984,0.999,3,0.072,"Shomuradova et al., 2020,Nielsen et al., 2020,Habel et al., 2020"
LITGRLQSL,HLA-A*02:01,S,996,1004,0.999,1,0.071,"Shomuradova et al., 2020"
RLQSLQTYV,HLA-A*02:01,S,1000,1008,0.999,3,0.609,"Shomuradova et al., 2020,Poran et al., 2020,Tarke et al., 2020"
RLNEVAKNL,HLA-A*02:01,S,1185,1193,0.998,2,0.017,"Shomuradova et al., 2020,Nielsen et al., 2020"
FIAGLIAIV,HLA-A*02:01,S,1220,1228,0.996,3,0.122,"Shomuradova et al., 2020,Poran et al., 2020,Nielsen et al., 2020"
KIYSKHTPI,HLA-A*02:01,S,202,210,0.997,1,0.5,"Chour et al., 2020"
RLDKVEAEV,HLA-A*02:01,S,983,991,1,2,0.3,"Chour et al., 2020,Hu et al., 2020"
RLITGRLQSL,HLA-A*02:01,S,995,1004,0.999,1,1,"Chour et al., 2020"
FLHVTYVPA,HLA-A*02:01,S,1062,1070,0.996,1,1,"Chour et al., 2020"
FLAFVVFL,HLA-A*02:01,E,20,27,0.998,1,0.667,"Poran et al., 2020"
FLFLTWICL,HLA-A*02:01,M,26,34,0.998,2,0.625,"Poran et al., 2020,Habel et al., 2020"
KLDDKDPNF,HLA-A*02:01,N,338,346,0.997,2,0.545,"Poran et al., 2020,Hu et al., 2020"
YLGTGPEAGL,HLA-A*02:01,N,112,121,0.999,1,0.667,"Poran et al., 2020"
LLLDRLNQL,HLA-A*02:01,N,222,230,0.997,8,0.242,"Poran et al., 2020,﻿Ferretti et al., 2020,﻿Schulien et al., 2020,Kared et al., 2020,Nielsen et al., 2020,Sekine et al., 2020,Hu et al., 2020,Tarke et al., 2020"
FGDDTVIEV,HLA-A*02:01,ORF1a,825,833,0.998,1,1,"Poran et al., 2020"
FLLPSLATV,HLA-A*02:01,ORF1a,3639,3647,0.995,2,0.214,"Poran et al., 2020,﻿Schulien et al., 2020"
KLNDLCFTNV,HLA-A*02:01,S,386,395,0.996,1,0.667,"Poran et al., 2020"
GLTVLPPLL,HLA-A*02:01,S,857,865,0.998,2,0.222,"Poran et al., 2020,Tarke et al., 2020"
TTDPSFLGRY,HLA-A*01:01,ORF1a,1637,1646,0.989,3,0.889,"Nelde et al., 2020,﻿Ferretti et al., 2020,Tarke et al., 2020"
LTDEMIAQY,HLA-A*01:01,S,865,873,0.999,3,0.519,"Nelde et al., 2020,﻿Schulien et al., 2020,Kared et al., 2020"
RTFKVSIWNLDY,HLA-A*01:01,ORF6,20,31,0.996,1,0.083,"Nelde et al., 2020"
ALSKGVHFV,HLA-A*02:01,ORF3a,72,80,0.986,2,0.296,"Nelde et al., 2020,Kared et al., 2020"
LLLLDRLNQL,HLA-A*02:01,N,221,230,0.997,1,0.455,"Nelde et al., 2020"
KLFAAETLK,HLA-A*03:01,ORF1b,1054,1062,0.999,1,0.182,"Nelde et al., 2020"
QLRARSVSPK,HLA-A*03:01,ORF7a,76,85,0.988,1,0.273,"Nelde et al., 2020"
KTFPPTEPKK,HLA-A*03:01,N,361,370,0.98,2,0.571,"Nelde et al., 2020,Tarke et al., 2020"
ASMPTTIAK,HLA-A*11:01,ORF1a,2192,2200,0.996,2,0.4,"Nelde et al., 2020,﻿Schulien et al., 2020"
ATEGALNTPK,HLA-A*11:01,N,134,143,0.995,3,0.737,"Nelde et al., 2020,﻿Ferretti et al., 2020,Tarke et al., 2020"
VYIGDPAQL,HLA-A*24:02,ORF1b,1320,1328,0.999,3,0.5,"Nelde et al., 2020,﻿Ferretti et al., 2020,Kared et al., 2020"
QYIKWPWYI,HLA-A*24:02,S,1208,1216,0.99,4,0.583,"Nelde et al., 2020,﻿Ferretti et al., 2020,Kared et al., 2020,Tarke et al., 2020"
VYFLQSINF,HLA-A*24:02,ORF3a,112,120,0.996,3,0.6,"Nelde et al., 2020,﻿Ferretti et al., 2020,Kared et al., 2020"
FYVYSRVKNL,HLA-A*24:02,E,56,65,0.998,1,0.2,"Nelde et al., 2020"
DYKHWPQIAQF,HLA-A*24:02,N,297,307,0.998,1,0.2,"Nelde et al., 2020"
FPRGQGVPI,HLA-B*07:02,N,66,74,0.989,3,0.227,"Nelde et al., 2020,﻿Schulien et al., 2020,Tarke et al., 2020"
NPANNAAIVL,HLA-B*07:02,N,150,159,0.996,2,0.2,"Nelde et al., 2020,Tarke et al., 2020"
FVKHKHAFL,HLA-B*08:01,ORF1a,3628,3636,1,1,0.083,"Nelde et al., 2020"
DLKGKYVQI,HLA-B*08:01,ORF1a,4344,4352,1,1,0.417,"Nelde et al., 2020"
EAFEKMVSL,HLA-B*08:01,ORF1a,3906,3914,0.999,1,0.083,"Nelde et al., 2020"
SELVIGAVIL,HLA-B*40:01,M,136,145,0.999,1,0.5,"Nelde et al., 2020"
LEYHDVRVVL,HLA-B*40:01,ORF8,109,118,0.997,1,0.333,"Nelde et al., 2020"
IEYPIIGDEL,HLA-B*40:01,ORF1b,1818,1827,0.998,1,0.583,"Nelde et al., 2020"
YYQLYSTQL,HLA-C*07:02,ORF3a,211,219,0.997,1,0.091,"Nelde et al., 2020"
NRFLYIIKL,HLA-C*07:02,M,43,51,0.999,1,0.545,"Nelde et al., 2020"
QRNAPRITF,HLA-C*07:02,N,9,17,0.979,1,0.091,"Nelde et al., 2020"
RWYFYYLGTGPEAGL,HLA-DRB1*04:01,N,107,121,0.999,1,0.727,"Nelde et al., 2020"
AADLDDFSKQLQQSM,HLA-DRB1*15:01,N,397,411,0.977,1,0.043,"Nelde et al., 2020"
LDDFVEIIKSQDLSV,HLA-DRB1*11:01,ORF1b,2350,2364,0.997,1,0.273,"Nelde et al., 2020"
ITRFQTLLALHRSYL,HLA-DRB1*01:01,S,235,249,0.997,1,0.545,"Nelde et al., 2020"
FNGLTVLPPLLTDEM,HLA-DRB1*15:01,S,855,869,0.997,1,0.136,"Nelde et al., 2020"
KLWAQCVQL,HLA-A*02:01,ORF1a,3886,3894,0.999,1,0.806,"Ferretti et al., 2020"
LLYDANYFL,HLA-A*02:01,ORF3a,139,147,0.996,3,0.603,"Ferretti et al., 2020,﻿Schulien et al., 2020,Kared et al., 2020"
ALWEIQQVV,HLA-A*02:01,ORF1a,4094,4102,0.998,2,0.327,"Ferretti et al., 2020,Kared et al., 2020"
YLFDESGEFKL,HLA-A*02:01,ORF1a,906,916,0.996,1,0.25,"Ferretti et al., 2020"
FTSDYYQLY,HLA-A*01:01,ORF3a,207,215,0.997,4,0.87,"Ferretti et al., 2020,﻿Schulien et al., 2020,Kared et al., 2020,Tarke et al., 2020"
PTDNYITTY,HLA-A*01:01,ORF1a,1321,1329,0.996,2,0.714,"Ferretti et al., 2020,Kared et al., 2020"
ATSRTLSYY,HLA-A*01:01,M,171,179,0.994,1,0.6,"Ferretti et al., 2020"
CTDDNALAYY,HLA-A*01:01,ORF1a,4163,4172,0.998,2,0.727,"Ferretti et al., 2020,﻿Schulien et al., 2020"
NTCDGTTFTY,HLA-A*01:01,ORF1a,4082,4091,0.995,1,0.6,"Ferretti et al., 2020"
DTDFVNEFY,HLA-A*01:01,ORF1b,729,737,0.994,3,0.45,"Ferretti et al., 2020,﻿Schulien et al., 2020,Kared et al., 2020"
GTDLEGNFY,HLA-A*01:01,ORF1a,3437,3445,1,2,0.357,"Ferretti et al., 2020,Kared et al., 2020"
KTFPPTEPK,HLA-A*03:01,N,361,369,0.98,2,0.8,"Ferretti et al., 2020,Kared et al., 2020"
KCYGVSPTK,HLA-A*03:01,S,378,386,0.993,2,0.667,"Ferretti et al., 2020,Tarke et al., 2020"
MVTNNTFTLK,HLA-A*03:01,ORF1a,807,816,0.996,1,0.4,"Ferretti et al., 2020"
KTIQPRVEK,HLA-A*03:01,ORF1a,282,290,0.999,2,0.333,"Ferretti et al., 2020,Kared et al., 2020"
KTFPPTEPK,HLA-A*11:01,N,361,369,0.98,3,0.81,"Ferretti et al., 2020,Kared et al., 2020,Hu et al., 2020"
VTDTPKGPK,HLA-A*11:01,ORF1a,4216,4224,0.998,1,0.6,"Ferretti et al., 2020"
ASAFFGMSR,HLA-A*11:01,N,311,319,0.999,1,0.4,"Ferretti et al., 2020"
ATSRTLSYYK,HLA-A*11:01,M,171,180,0.994,1,0.6,"Ferretti et al., 2020"
SPRWYFYYL,HLA-B*07:02,N,105,113,1,5,0.857,"Ferretti et al., 2020,﻿Schulien et al., 2020,Kared et al., 2020,Sekine et al., 2020,Tarke et al., 2020"
RPDTRYVL,HLA-B*07:02,ORF1a,2949,2956,0.998,1,0.8,"Ferretti et al., 2020"
IPRRNVATL,HLA-B*07:02,ORF1b,1515,1523,0.984,3,0.294,"Ferretti et al., 2020,﻿Schulien et al., 2020,Kared et al., 2020"
CTDDNALAY,HLA-A*01:01,ORF1a,4163,4171,0.998,1,0.833,"Schulien et al., 2020"
LALLLLDRL,HLA-A*02:01,N,219,227,0.841,2,0.211,"Schulien et al., 2020,Hu et al., 2020"
GMSRIGMEV,HLA-A*02:01,N,316,324,0.998,5,0.081,"Schulien et al., 2020,Nielsen et al., 2020,Habel et al., 2020,Hu et al., 2020,Tarke et al., 2020"
YLYALVYFL,HLA-A*02:01,ORF3a,107,115,0.99,2,0.407,"Schulien et al., 2020,Kared et al., 2020"
ILFTRFFYV,HLA-A*02:01,ORF1a,2332,2340,0.997,3,0.833,"Schulien et al., 2020,Habel et al., 2020,Tarke et al., 2020"
RMYIFFASFY,HLA-A*03:01,ORF1a,2382,2391,0.999,1,0.143,"Schulien et al., 2020"
VVYRGTTTYK,HLA-A*03:01,ORF1b,1132,1141,0.982,1,0.429,"Schulien et al., 2020"
STFNVPMEK,HLA-A*11:01,ORF1a,2600,2608,0.993,2,0.333,"Schulien et al., 2020,Kared et al., 2020"
SAFAMMFVK,HLA-A*11:01,ORF1a,3622,3630,0.991,2,0.333,"Schulien et al., 2020,Kared et al., 2020"
SPRRARSVA,HLA-B*07:02,S,680,688,0.993,1,0.571,"Schulien et al., 2020"
KPRQKRTAT,HLA-B*07:02,N,257,265,0.999,2,0.4,"Schulien et al., 2020,Tarke et al., 2020"
AQFAPSASAF,HLA-B*15:01,N,305,314,0.998,1,0.6,"Schulien et al., 2020"
KQLIKVTLVF,HLA-B*15:01,ORF1a,2771,2780,0.998,1,0.2,"Schulien et al., 2020"
LVQMAPISAM,HLA-B*15:01,ORF1a,2371,2380,0.999,1,0.4,"Schulien et al., 2020"
GEVITFDNL,HLA-B*40:01,ORF1a,1548,1556,0.997,1,0.5,"Schulien et al., 2020"
GEAANFCAL,HLA-B*40:01,ORF1a,1705,1713,0.995,1,0.5,"Schulien et al., 2020"
TEVVGDIIL,HLA-B*40:01,ORF1a,2069,2077,0.998,1,0.25,"Schulien et al., 2020"
GETLPTEVL,HLA-B*40:01,ORF1a,744,752,0.998,1,0.25,"Schulien et al., 2020"
HTTDPSFLGRY,HLA-A*01:01,ORF1a,1636,1646,0.989,2,1,"Kared et al., 2020,Tarke et al., 2020"
YLATALLTL,HLA-A*02:01,ORF1a,1675,1683,0.993,2,0.105,"Kared et al., 2020,Tarke et al., 2020"
YLDAYNMMI,HLA-A*02:01,ORF1b,2018,2026,0.936,1,0.062,"Kared et al., 2020"
NLIDSYFVV,HLA-A*02:01,ORF1b,55,63,1,1,0.062,"Kared et al., 2020"
VVFLHVTYV,HLA-A*02:01,S,1060,1068,0.997,2,0.091,"Kared et al., 2020,Tarke et al., 2020"
VTNNTFTLK,HLA-A*03:01,ORF1a,808,816,0.996,1,0.4,"Kared et al., 2020"
GVYFASTEK,HLA-A*03:01,S,89,97,0.997,1,0.2,"Kared et al., 2020"
KLFDRYFKY,HLA-A*03:01,ORF1b,272,280,0.999,1,0.2,"Kared et al., 2020"
TSFGPLVRK,HLA-A*03:01,ORF1b,315,323,0.998,1,0.1,"Kared et al., 2020"
SASKIITLK,HLA-A*03:01,ORF3a,58,66,0.994,1,0.2,"Kared et al., 2020"
TISLAGSYK,HLA-A*03:01,ORF1a,1504,1512,0.998,1,0.1,"Kared et al., 2020"
VVNARLRAK,HLA-A*11:01,ORF1b,1309,1317,0.998,1,0.125,"Kared et al., 2020"
RLFRKSNLK,HLA-A*11:01,S,454,462,0.994,1,0.125,"Kared et al., 2020"
VTNNTFTLK,HLA-A*11:01,ORF1a,808,816,0.996,1,0.375,"Kared et al., 2020"
VVYRGTTTYK,HLA-A*11:01,ORF1b,1132,1141,0.982,1,0.125,"Kared et al., 2020"
GTHWFVTQR,HLA-A*11:01,S,1099,1107,0.999,1,0.125,"Kared et al., 2020"
AGFSLWVYK,HLA-A*11:01,ORF1b,2028,2036,0.955,1,0.125,"Kared et al., 2020"
AVFDKNLYDK,HLA-A*11:01,ORF1a,1176,1185,0.999,1,0.125,"Kared et al., 2020"
TISLAGSYK,HLA-A*11:01,ORF1a,1504,1512,0.998,1,0.125,"Kared et al., 2020"
GVYFASTEK,HLA-A*11:01,S,89,97,0.997,1,0.125,"Kared et al., 2020"
SASKIITLK,HLA-A*11:01,ORF3a,58,66,0.994,1,0.25,"Kared et al., 2020"
KTIQPRVEK,HLA-A*11:01,ORF1a,282,290,0.999,1,0.125,"Kared et al., 2020"
NYNYLYRLF,HLA-A*24:02,S,448,456,0.993,3,0.353,"Kared et al., 2020,Hu et al., 2020,Tarke et al., 2020"
NYMPYFFTL,HLA-A*24:02,ORF1a,2167,2175,0.999,2,0.429,"Kared et al., 2020,Tarke et al., 2020"
YYTSNPTTF,HLA-A*24:02,ORF1a,1536,1544,0.995,1,0.2,"Kared et al., 2020"
RFDNPVLPF,HLA-A*24:02,S,78,86,0.994,2,0.222,"Kared et al., 2020,Tarke et al., 2020"
TYACWHHSI,HLA-A*24:02,ORF1b,1747,1755,0.999,1,0.4,"Kared et al., 2020"
QPGQTFSVL,HLA-B*07:02,ORF1a,3370,3378,0.993,1,0.2,"Kared et al., 2020"
RARSVSPKL,HLA-B*07:02,ORF7a,78,86,0.988,1,0.8,"Kared et al., 2020"
APHGVVFL,HLA-B*07:02,S,1056,1063,0.999,1,0.2,"Kared et al., 2020"
RPDTRYVLM,HLA-B*07:02,ORF1a,2949,2957,0.998,1,0.2,"Kared et al., 2020"
TLACFVLAAV,HLA-A*02:01,M,61,70,0.996,1,0.17,"Nielsen et al., 2020"
ILLNKHIDA,HLA-A*02:01,N,351,359,0.998,1,0.047,"Nielsen et al., 2020"
NLNESLIDL,HLA-A*02:01,S,1192,1200,0.998,1,0.028,"Nielsen et al., 2020"
TLDSKTQSL,HLA-A*02:01,S,109,117,0.999,2,0.286,"Sekine et al., 2020,Tarke et al., 2020"
SIIAYTMSL,HLA-A*02:01,S,691,699,0.998,2,0.5,"Habel et al., 2020,Tarke et al., 2020"
NTASWFTAL,HLA-A*02:01,N,48,56,0.999,1,0.6,"Habel et al., 2020"
AQFAPSASA,HLA-A*02:01,N,305,313,0.998,1,0.8,"Habel et al., 2020"
KLLEQWNLV,HLA-A*02:01,M,15,23,0.995,2,0.462,"Habel et al., 2020,Tarke et al., 2020"
WLLWPVTLA,HLA-A*02:01,M,55,63,0.998,1,0.4,"Habel et al., 2020"
TMADLVYAL,HLA-A*02:01,ORF1b,114,122,0.999,1,0.4,"Habel et al., 2020"
FLLNKEMYL,HLA-A*02:01,ORF1a,3183,3191,0.999,1,0.6,"Habel et al., 2020"
SMWALIISV,HLA-A*02:01,ORF1a,3732,3740,0.998,1,0.6,"Habel et al., 2020"
TLMNVLTLV,HLA-A*02:01,ORF1a,3710,3718,0.982,1,0.4,"Habel et al., 2020"
FTISVTTEI,HLA-A*02:01,S,718,726,0.996,1,0.125,"Hu et al., 2020"
VYDPLQPEL,HLA-A*24:02,S,1137,1145,0.973,1,0.125,"Hu et al., 2020"
EYVSQPFLM,HLA-A*24:02,S,169,177,0.996,2,0.167,"Hu et al., 2020,Tarke et al., 2020"
IYQTSNFRV,HLA-A*24:02,S,312,320,0.952,2,0.25,"Hu et al., 2020,Tarke et al., 2020"
VFKNIDGYF,HLA-A*24:02,S,193,201,0.997,2,0.167,"Hu et al., 2020,Tarke et al., 2020"
HWFVTQRNF,HLA-A*24:02,S,1101,1109,0.999,2,0.167,"Hu et al., 2020,Tarke et al., 2020"
GYLQPRTFL,HLA-A*24:02,S,268,276,0.947,1,0.125,"Hu et al., 2020"
TQHQPYVVDDPCPIH,HLA-DRB1*13:02,ORF8,26,40,0.988,1,0.364,"Tarke et al., 2020"
RCSFYEDFLEYHDVR,HLA-DQB1*05:02,ORF8,101,115,0.995,1,0.364,"Tarke et al., 2020"
NFSQILPDPSKPSKR,HLA-DRB1*03:01,S,801,815,0.996,1,0.333,"Tarke et al., 2020"
SGFAAYSRYRIGNYK,HLA-DRB1*15:01,M,191,205,1,1,0.308,"Tarke et al., 2020"
NLVRDLPQGFSALEP,HLA-DRB1*03:01,S,211,225,0.835,1,0.273,"Tarke et al., 2020"
AGFIKQYGDCLGDIA,HLA-DQB1*05:03,S,831,845,0.995,1,0.25,"Tarke et al., 2020"
QFAYANRNRFLYIIK,HLA-DRB1*14:01,M,36,50,0.999,1,0.2,"Tarke et al., 2020"
TTVAAFHQECSLQSC,HLA-DQB1*05:02,ORF8,11,25,0.959,1,0.182,"Tarke et al., 2020"
KKRWQLALSKGVHFV,HLA-DRB1*07:01,ORF3a,66,80,0.983,1,0.182,"Tarke et al., 2020"
VSQPFLMDLEGKQGN,HLA-DRB1*03:01,S,171,185,0.993,1,0.182,"Tarke et al., 2020"
KHTPINLVRDLPQGF,HLA-DRB1*03:01,S,206,220,0.991,1,0.182,"Tarke et al., 2020"
TLRVEAFEYYHTTDP,HLA-DQB1*05:03,ORF1a,1626,1640,0.988,1,0.182,"Tarke et al., 2020"
ITGGIAIAMACLVGL,HLA-DQB1*03:01,M,76,90,0.996,1,0.167,"Tarke et al., 2020"
GTILTRPLLESELVI,HLA-DRB1*13:01,M,126,140,0.999,1,0.167,"Tarke et al., 2020"
QFAPSASAFFGMSRI,HLA-DRB1*07:01,N,306,320,0.998,1,0.167,"Tarke et al., 2020"
LTYTGAIKLDDKDPN,HLA-DRB1*07:01,N,331,345,0.994,1,0.167,"Tarke et al., 2020"
IGNYKLNTDHSSSSD,HLA-DRB1*03:01,M,201,215,0.997,1,0.154,"Tarke et al., 2020"
ASRELKVTFFPDLNG,HLA-DQB1*05:03,ORF1a,1951,1965,0.999,1,0.154,"Tarke et al., 2020"
KVTFFPDLNGDVVAI,HLA-DQB1*05:03,ORF1a,1956,1970,0.999,1,0.154,"Tarke et al., 2020"
RYLALYNKYKYFSGA,HLA-DRB1*15:01,ORF1a,3206,3220,0.995,1,0.154,"Tarke et al., 2020"
VRIIMRLWLCWKCRS,HLA-DRB1*11:01,ORF3a,121,135,0.987,1,0.143,"Tarke et al., 2020"
KIITLKKRWQLALSK,HLA-DRB1*11:01,ORF3a,61,75,0.985,1,0.091,"Tarke et al., 2020"
QEPKLGSLVVRCSFY,HLA-DRB1*11:04,ORF8,91,105,0.995,1,0.091,"Tarke et al., 2020"
EKSNIIRGWIFGTTL,HLA-DRB1*15:01,S,96,110,0.99,1,0.091,"Tarke et al., 2020"
HKNNKSWMESEFRVY,HLA-DQB1*05:03,S,146,160,0.991,1,0.091,"Tarke et al., 2020"
IGINITRFQTLLALH,HLA-DRB1*07:01,S,231,245,0.997,1,0.091,"Tarke et al., 2020"
FTVEKGIYQTSNFRV,HLA-DRB1*07:01,S,306,320,0.946,1,0.091,"Tarke et al., 2020"
SNFRVQPTESIVRFP,HLA-DRB1*07:01,S,316,330,0.951,1,0.091,"Tarke et al., 2020"
IVRFPNITNLCPFGE,HLA-DRB1*15:01,S,326,340,0.98,1,0.091,"Tarke et al., 2020"
VIRGDEVRQIAPGQT,HLA-DRB1*13:01,S,401,415,0.995,1,0.091,"Tarke et al., 2020"
LPPLLTDEMIAQYTS,HLA-DQB1*04:02,S,861,875,0.999,1,0.091,"Tarke et al., 2020"
AQYTSALLAGTITSG,HLA-DQB1*06:02,S,871,885,0.996,1,0.091,"Tarke et al., 2020"
ALLAGTITSGWTFGA,HLA-DQB1*06:02,S,876,890,0.997,1,0.091,"Tarke et al., 2020"
LPNDDTLRVEAFEYY,HLA-DQB1*03:02,ORF1a,1621,1635,0.997,1,0.091,"Tarke et al., 2020"
SFLGRYMSALNHTKK,HLA-DRB1*04:04,ORF1a,1641,1655,0.993,1,0.091,"Tarke et al., 2020"
FLHFLPRVFSAVGNI,HLA-DRB1*15:01,ORF1a,2881,2895,0.998,1,0.091,"Tarke et al., 2020"
SFNPETNILLNVPLH,HLA-DRB1*01:02,M,111,125,0.997,1,0.083,"Tarke et al., 2020"
RPLLESELVIGAVIL,HLA-DQB1*02:02,M,131,145,0.999,1,0.083,"Tarke et al., 2020"
YFTSDYYQLYSTQLS,HLA-DRB1*16:02,ORF3a,206,220,0.996,1,0.083,"Tarke et al., 2020"
AIKLDDKDPNFKDQV,HLA-DRB1*03:01,N,336,350,0.996,1,0.083,"Tarke et al., 2020"
YAWNRKRISNCVADY,HLA-DRB1*13:01,S,351,365,0.994,1,0.083,"Tarke et al., 2020"
SVLYNSASFSTFKCY,HLA-DRB1*15:01,S,366,380,0.993,1,0.083,"Tarke et al., 2020"
SASFSTFKCYGVSPT,HLA-DRB1*15:01,S,371,385,0.993,1,0.083,"Tarke et al., 2020"
AYSNNSIAIPTNFTI,HLA-DQB1*03:01,S,706,720,0.998,1,0.083,"Tarke et al., 2020"
STECSNLLLQYGSFC,HLA-DQB1*06:02,S,746,760,0.999,1,0.083,"Tarke et al., 2020"
VFAQVKQIYKTPPIK,HLA-DRB1*15:01,S,781,795,0.998,1,0.077,"Tarke et al., 2020"
TPPIKDFGGFNFSQI,HLA-DRB1*15:01,S,791,805,0.997,1,0.077,"Tarke et al., 2020"
LLFNKVTLADAGFIK,HLA-DQB1*06:02,S,821,835,0.996,1,0.083,"Tarke et al., 2020"
ADAVIKTLQPVSELL,HLA-DRB1*14:01,ORF1a,876,890,0.991,1,0.077,"Tarke et al., 2020"
IATNGPLKVGGSCVL,HLA-DRB1*13:02,ORF1a,1091,1105,0.993,1,0.077,"Tarke et al., 2020"
TFTRSTNSRIKASMP,HLA-DRB1*14:01,ORF1a,2181,2195,0.988,1,0.077,"Tarke et al., 2020"
WDLTAFGLVAEWFLA,HLA-DQB1*05:03,ORF1a,2316,2330,0.995,1,0.083,"Tarke et al., 2020"
PVYSFLPGVYSVIYL,HLA-DRB1*15:01,ORF1a,3096,3110,0.999,1,0.077,"Tarke et al., 2020"
MFTPLVPFWITIAYI,HLA-DRB1*15:01,ORF1a,3131,3145,0.997,1,0.083,"Tarke et al., 2020"
KHFYWFFSNYLKRRV,HLA-DRB1*15:01,ORF1a,3151,3165,0.999,1,0.083,"Tarke et al., 2020"
LTQYNRYLALYNKYK,HLA-DRB1*15:01,ORF1a,3201,3215,0.996,1,0.083,"Tarke et al., 2020"
FSNSGSDVLYQPPQT,HLA-DQB1*06:02,ORF1a,3241,3255,0.997,1,0.077,"Tarke et al., 2020"
FTGYRVTKNSKVQIG,HLA-DRB1*07:01,ORF1b,1105,1119,0.997,1,0.077,"Tarke et al., 2020"
FLCWHTNCYDYCIPY,HLA-DQB1*05:03,ORF3a,146,160,0.992,1,0.071,"Tarke et al., 2020"
TNCYDYCIPYNSVTS,HLA-DQB1*05:01,ORF3a,151,165,0.989,1,0.071,"Tarke et al., 2020"
GSSGVVNPVMEPIYD,HLA-DQB1*04:02,ORF3a,251,265,0.966,1,0.071,"Tarke et al., 2020"
QKKQQTVTLLPAADL,HLA-DRB1*01:02,N,386,400,0.977,1,0.067,"Tarke et al., 2020"
QMAYRFNGIGVTQNV,HLA-DQB1*03:01,S,901,915,0.999,1,0.071,"Tarke et al., 2020"
LYENQKLIANQFNSA,HLA-DRB1*12:01,S,916,930,0.997,1,0.071,"Tarke et al., 2020"
APHGVVFLHVTYVPA,HLA-DRB1*12:01,S,1056,1070,0.996,1,0.071,"Tarke et al., 2020"
YCIDGALLTKSSEYK,HLA-DRB1*15:02,ORF1a,1846,1860,0.996,1,0.071,"Tarke et al., 2020"
MAAYVDNSSLTIKKP,HLA-DQB1*05:03,ORF1a,2096,2110,0.993,1,0.071,"Tarke et al., 2020"
NVLFSTVFPPTSFGP,HLA-DQB1*02:02,ORF1b,,,0.096,1,0.071,"Tarke et al., 2020"
NAPRITFGGPSDSTG,HLA-DQB1*03:01,N,11,25,0.976,1,0.062,"Tarke et al., 2020"
TFGGPSDSTGSNQNG,HLA-DQB1*03:01,N,16,30,0.992,1,0.062,"Tarke et al., 2020"
TTDPSFLGRYM,HLA-A*01:01,ORF1a,1637,1647,0.988,1,1,"Tarke et al., 2020"
VTPSGTWLTY,HLA-A*30:02,N,324,333,0.997,1,1,"Tarke et al., 2020"
AVILRGHLR,HLA-A*68:01,M,142,150,0.999,1,1,"Tarke et al., 2020"
NSFTRGVYY,HLA-A*68:01,S,30,38,0.997,1,1,"Tarke et al., 2020"
HVSGTNGTK,HLA-A*68:01,S,69,77,0.984,1,1,"Tarke et al., 2020"
QIAPGQTGK,HLA-A*68:01,S,409,417,0.996,1,1,"Tarke et al., 2020"
QGLPNNTASW,HLA-B*57:01,N,43,52,0.999,1,1,"Tarke et al., 2020"
KMKDLSPRW,HLA-B*57:01,N,100,108,0.991,1,1,"Tarke et al., 2020"
ATIPIQASL,HLA-B*57:01,ORF3a,33,41,0.988,1,1,"Tarke et al., 2020"
ITFDNLKTL,HLA-B*57:01,ORF1a,1551,1559,0.998,1,1,"Tarke et al., 2020"
YYVGYLQPRTF,HLA-A*24:02,S,265,275,0.946,1,0.75,"Tarke et al., 2020"
VYDPLQPELDSF,HLA-A*24:02,S,1137,1148,0.973,1,0.75,"Tarke et al., 2020"
WTAGAAAYY,HLA-A*26:01,S,258,266,0.936,1,0.75,"Tarke et al., 2020"
SVASQSIIAY,HLA-A*26:01,S,686,695,0.994,1,0.75,"Tarke et al., 2020"
VASQSIIAY,HLA-B*35:01,S,687,695,0.994,1,0.75,"Tarke et al., 2020"
TDNYITTY,HLA-A*01:01,ORF1a,1322,1329,0.998,1,0.667,"Tarke et al., 2020"
KTFPPTEPKK,HLA-A*11:01,N,361,370,0.98,1,0.667,"Tarke et al., 2020"
RVYSTGSNVF,HLA-B*15:01,S,634,643,0.999,1,0.667,"Tarke et al., 2020"
IPIQASLPF,HLA-B*35:01,ORF3a,35,43,0.988,1,0.667,"Tarke et al., 2020"
TPSKLIEY,HLA-B*35:01,ORF1a,2898,2905,0.999,1,0.667,"Tarke et al., 2020"
VPFWITIAY,HLA-B*35:01,ORF1a,3136,3144,0.997,1,0.667,"Tarke et al., 2020"
QELIRQGTDY,HLA-B*44:02,N,289,298,0.995,1,0.667,"Tarke et al., 2020"
QPYRVVVL,HLA-B*08:01,S,506,513,0.992,1,0.6,"Tarke et al., 2020"
TECSNLLLQY,HLA-B*44:02,S,747,756,0.999,1,0.6,"Tarke et al., 2020"
KVFRSSVLH,HLA-A*03:01,S,41,49,0.997,1,0.5,"Tarke et al., 2020"
VYSSANNCTF,HLA-A*24:02,S,159,168,0.998,1,0.5,"Tarke et al., 2020"
FTISVTTEI,HLA-A*26:01,S,718,726,0.996,1,0.5,"Tarke et al., 2020"
SANNCTFEY,HLA-A*29:02,S,162,170,0.998,1,0.5,"Tarke et al., 2020"
FVFKNIDGY,HLA-A*29:02,S,192,200,0.997,1,0.5,"Tarke et al., 2020"
CVADYSVLY,HLA-A*29:02,S,361,369,0.994,1,0.5,"Tarke et al., 2020"
VGGNYNYLY,HLA-A*29:02,S,445,453,0.991,1,0.5,"Tarke et al., 2020"
RPLLESEL,HLA-B*07:02,M,131,138,1,1,0.5,"Tarke et al., 2020"
LPKEITVAT,HLA-B*07:02,M,164,172,0.999,1,0.5,"Tarke et al., 2020"
FDNPVLPFNDGVYF,HLA-B*35:01,S,79,92,0.993,1,0.5,"Tarke et al., 2020"
QIPFAMQMAY,HLA-B*35:01,S,895,904,0.999,1,0.5,"Tarke et al., 2020"
DAMRNAGIV,HLA-B*51:01,ORF1b,185,193,0.999,1,0.5,"Tarke et al., 2020"
YLPYPDPSRI,HLA-B*51:01,ORF1b,819,828,0.999,1,0.5,"Tarke et al., 2020"
KPFERDISTEI,HLA-B*07:02,S,462,472,0.995,1,0.4,"Tarke et al., 2020"
FPQSAPHGV,HLA-B*07:02,S,1052,1060,0.999,1,0.4,"Tarke et al., 2020"
LPQGFSAL,HLA-B*08:01,S,216,223,0.838,1,0.4,"Tarke et al., 2020"
MIAQYTSAL,HLA-B*08:01,S,869,877,0.999,1,0.4,"Tarke et al., 2020"
FEYVSQPFLM,HLA-B*40:01,S,168,177,0.996,1,0.4,"Tarke et al., 2020"
TESIVRFPNITNL,HLA-B*40:01,S,323,335,0.979,1,0.4,"Tarke et al., 2020"
FDEDDSEPVL,HLA-B*40:01,S,1256,1265,0.994,1,0.4,"Tarke et al., 2020"
SEPVLKGVKL,HLA-B*40:01,S,1261,1270,0.995,1,0.4,"Tarke et al., 2020"
SETKCTLKSF,HLA-B*44:02,S,297,306,0.958,1,0.4,"Tarke et al., 2020"
TESNKKFLPFQQF,HLA-B*44:02,S,553,565,0.998,1,0.4,"Tarke et al., 2020"
AEHVNNSY,HLA-B*44:02,S,653,660,0.996,1,0.4,"Tarke et al., 2020"
FVLAAVYRI,HLA-A*02:01,M,65,73,0.997,1,0.375,"Tarke et al., 2020"
SPDDQIGYY,HLA-B*35:01,N,79,87,0.998,1,0.333,"Tarke et al., 2020"
KAYNVTQAF,HLA-B*35:01,N,266,274,0.996,1,0.333,"Tarke et al., 2020"
FAPSASAFF,HLA-B*35:01,N,307,315,0.998,1,0.333,"Tarke et al., 2020"
TPSGTWLTY,HLA-B*35:01,N,325,333,0.997,1,0.333,"Tarke et al., 2020"
LPAADLDDF,HLA-B*35:01,N,395,403,0.977,1,0.333,"Tarke et al., 2020"
SMWSFNPET,HLA-A*02:01,M,108,116,0.999,1,0.25,"Tarke et al., 2020"
QPYRVVVL,HLA-B*07:02,S,506,513,0.992,1,0.25,"Tarke et al., 2020"
YENQKLIANQF,HLA-B*44:02,S,917,927,0.999,1,0.2,"Tarke et al., 2020"
WFFSNYLKR,HLA-A*31:01,ORF1a,3155,3163,0.999,1,1,"Tarke et al., 2020"
GVAPGTAVLRQW,HLA-B*57:01,ORF1b,2474,2485,0.999,1,1,"Tarke et al., 2020"
ASAFFGMSR,HLA-A*68:01,N,311,319,0.999,1,0.5,"Tarke et al., 2020"
MACLVGLMW,HLA-B*57:01,M,84,92,0.998,1,0.5,"Tarke et al., 2020"
CATVHTANKW,HLA-B*57:01,ORF1b,2512,2521,0.998,1,1,"Tarke et al., 2020"
QFAPSASAFF,HLA-A*24:02,N,306,315,0.998,1,0.25,"Tarke et al., 2020"
LPLTQYNRY,HLA-B*35:01,ORF1a,3199,3207,0.998,1,0.333,"Tarke et al., 2020"
SELVIGAVI,HLA-B*44:02,M,136,144,0.999,1,0.333,"Tarke et al., 2020"
AEIRASANL,HLA-B*44:02,S,1016,1024,0.998,1,0.2,"Tarke et al., 2020"
SASAFFGMSR,HLA-A*68:01,N,310,319,0.999,1,0.5,"Tarke et al., 2020"
WTAGAAAYY,HLA-B*35:01,S,258,266,0.936,1,0.25,"Tarke et al., 2020"
FVLAAVYRI,HLA-A*68:02,M,65,73,0.997,1,1,"Tarke et al., 2020"
YLITPVHV,HLA-A*02:01,ORF1a,2788,2795,0.998,1,1,"Tarke et al., 2020"
KPVETSNSFDVL,HLA-B*07:02,ORF1a,2017,2028,0.995,1,0.333,"Tarke et al., 2020"
AESHVDTDLTKPY,HLA-B*44:02,ORF1b,244,256,0.978,1,0.333,"Tarke et al., 2020"
TSNQVAVLY,HLA-B*57:01,S,604,612,0.999,1,1,"Tarke et al., 2020"
AEVQIDRLI,HLA-B*44:02,S,989,997,1,1,0.2,"Tarke et al., 2020"
GLEAPFLYL,HLA-A*02:01,ORF3a,100,108,0.988,1,0.333,"Tarke et al., 2020"
GVFVSNGTHW,HLA-B*57:01,S,1093,1102,0.999,1,1,"Tarke et al., 2020"
LSYFIASFR,HLA-A*31:01,M,93,101,0.999,1,1,"Tarke et al., 2020"
SPRWYFYYL,HLA-B*08:01,N,105,113,1,1,0.333,"Tarke et al., 2020"
SIIAYTMSL,HLA-B*08:01,S,691,699,0.998,1,0.2,"Tarke et al., 2020"
AGDSGFAAY,HLA-A*01:01,M,188,196,1,1,0.25,"Tarke et al., 2020"
HLMSFPQSA,HLA-A*02:01,S,1048,1056,0.999,1,0.167,"Tarke et al., 2020"
QSASKIITL,HLA-B*08:01,ORF3a,57,65,0.771,1,0.333,"Tarke et al., 2020"
LAAVYRINW,HLA-B*57:01,M,67,75,0.997,1,0.5,"Tarke et al., 2020"
KSAGFPFNKW,HLA-B*57:01,ORF1b,491,500,1,1,1,"Tarke et al., 2020"
LYLYALVYF,HLA-A*24:02,ORF3a,106,114,0.989,1,0.5,"Tarke et al., 2020"
TVKNGSIHLY,HLA-A*26:01,ORF1a,2495,2504,0.982,1,0.5,"Tarke et al., 2020"
GELGDVRETMSYLF,HLA-B*44:02,ORF1a,1723,1736,0.994,1,1,"Tarke et al., 2020"
RVAGDSGFAAY,HLA-B*15:01,M,186,196,1,1,0.5,"Tarke et al., 2020"
SFKEELDKY,HLA-A*29:02,S,1147,1155,0.999,1,0.25,"Tarke et al., 2020"
GSVAYESLR,HLA-A*31:01,ORF1a,2941,2949,0.998,1,1,"Tarke et al., 2020"
ETIQITISSF,HLA-A*26:01,ORF1a,2305,2314,0.996,1,0.5,"Tarke et al., 2020"
FVRIIMRLW,HLA-B*57:01,ORF3a,120,128,0.992,1,0.5,"Tarke et al., 2020"
GAMDTTSYR,HLA-A*31:01,ORF1a,3219,3227,0.997,1,1,"Tarke et al., 2020"
VENPHLMGWD,HLA-B*44:02,ORF1b,600,609,0.999,1,0.333,"Tarke et al., 2020"
FVSNGTHWF,HLA-A*26:01,S,1095,1103,0.999,1,0.25,"Tarke et al., 2020"
SIIQFPNTY,HLA-B*35:01,ORF1a,2960,2968,0.999,1,0.333,"Tarke et al., 2020"
KPNELSRVL,HLA-B*07:02,ORF1a,2109,2117,0.998,1,0.333,"Tarke et al., 2020"
ATSRTLSYYK,HLA-A*30:01,M,171,180,0.994,1,1,"Tarke et al., 2020"
FPLKLRGTA,HLA-B*07:02,ORF1b,2647,2655,0.998,1,0.5,"Tarke et al., 2020"
EVTGDSCNNYMLTY,HLA-A*26:01,ORF1a,2664,2677,0.999,1,0.5,"Tarke et al., 2020"
EVGHTDLMAAY,HLA-A*26:01,ORF1a,2089,2099,0.996,1,0.5,"Tarke et al., 2020"
ITEEVGHTDLMAAY,HLA-A*01:01,ORF1a,2086,2099,0.993,1,0.5,"Tarke et al., 2020"
FEPSTQYEY,HLA-B*44:02,ORF1a,941,949,0.991,1,1,"Tarke et al., 2020"
VPHISRQRL,HLA-B*07:02,ORF1b,102,110,1,1,1,"Tarke et al., 2020"
KEIDRLNEV,HLA-B*44:03,S,1181,1189,0.999,1,0.2,"Tarke et al., 2020"
KQEILGTVSW,HLA-B*44:02,ORF1a,1364,1373,1,1,1,"Tarke et al., 2020"
YLTNDVSFLA,HLA-A*02:01,ORF1a,3115,3124,0.998,1,1,"Tarke et al., 2020"
QPYRVVVLSF,HLA-B*07:02,S,506,515,0.992,1,0.25,"Tarke et al., 2020"
YTNSFTRGVY,HLA-A*01:01,S,28,37,0.994,1,0.333,"Tarke et al., 2020"
LTNDNTSRYW,HLA-B*57:01,ORF1b,898,907,0.998,1,1,"Tarke et al., 2020"
KSNLKPFER,HLA-A*31:01,S,458,466,0.995,1,0.5,"Tarke et al., 2020"
YLQPRTFLL,HLA-B*08:01,S,269,277,0.947,1,0.2,"Tarke et al., 2020"
QELGKYEQY,HLA-B*44:02,S,1201,1209,0.998,1,0.2,"Tarke et al., 2020"
YTTTIKPVTY,HLA-A*26:01,ORF1a,1873,1882,0.998,1,0.5,"Tarke et al., 2020"
WVLNNDYYR,HLA-A*31:01,ORF1a,3004,3012,0.998,1,1,"Tarke et al., 2020"
SFYYVWKSY,HLA-A*29:02,ORF1a,2389,2397,0.999,1,0.5,"Tarke et al., 2020"
LAYYFMRFR,HLA-A*31:01,ORF1a,3060,3068,0.997,1,1,"Tarke et al., 2020"
ITLKKRWQL,HLA-B*08:01,ORF3a,63,71,0.995,1,0.333,"Tarke et al., 2020"
NSTNVTIATY,HLA-A*26:01,ORF1a,2272,2281,0.993,1,0.5,"Tarke et al., 2020"
YVNTFSSTF,HLA-A*26:01,ORF1a,2594,2602,1,1,0.5,"Tarke et al., 2020"
VLKGVKLHY,HLA-A*29:02,S,1264,1272,0.998,1,0.25,"Tarke et al., 2020"
FLPGVYSV,HLA-A*02:01,ORF1a,3100,3107,1,1,1,"Tarke et al., 2020"
LPNNTASWF,HLA-B*07:02,N,45,53,0.999,1,0.333,"Tarke et al., 2020"
YVYANGGKGF,HLA-A*26:01,ORF1a,2435,2444,1,1,0.5,"Tarke et al., 2020"
IPFAMQMAY,HLA-B*35:01,S,896,904,0.999,1,0.25,"Tarke et al., 2020"
EVAVKMFDAY,HLA-A*26:01,ORF1a,2585,2594,0.998,1,0.5,"Tarke et al., 2020"
SETKCTLKSF,HLA-B*44:03,S,297,306,0.958,1,0.2,"Tarke et al., 2020"
NSIAIPTNF,HLA-B*57:01,S,710,718,0.999,1,1,"Tarke et al., 2020"
DVLLPLTQY,HLA-B*35:01,ORF1a,3196,3204,0.998,1,0.333,"Tarke et al., 2020"
EVFNATRFASVY,HLA-A*26:01,S,340,351,0.999,1,0.25,"Tarke et al., 2020"
NELSRVLGL,HLA-B*44:02,ORF1a,2111,2119,0.998,1,0.333,"Tarke et al., 2020"
RPDTRYVLM,HLA-B*35:01,ORF1a,2949,2957,0.998,1,0.333,"Tarke et al., 2020"
VENMTPRDL,HLA-B*44:03,ORF1a,2680,2688,0.995,1,0.5,"Tarke et al., 2020"
SEYKGPITDVFY,HLA-B*44:02,ORF1a,1857,1868,0.997,1,0.333,"Tarke et al., 2020"
RFPNITNLCPF,HLA-A*24:02,S,328,338,0.999,1,0.25,"Tarke et al., 2020"
FPQSAPHGVVF,HLA-B*35:01,S,1052,1062,0.999,1,0.25,"Tarke et al., 2020"
RSVASQSII,HLA-B*57:01,S,685,693,0.994,1,1,"Tarke et al., 2020"
DTVIEVQGYK,HLA-A*68:01,ORF1a,828,837,0.998,1,0.5,"Tarke et al., 2020"
DVVAIDYKHY,HLA-A*26:01,ORF1a,1966,1975,0.999,1,0.5,"Tarke et al., 2020"
NSFTRGVYY,HLA-A*29:02,S,30,38,0.997,1,0.25,"Tarke et al., 2020"
RVAGDSGFAAYSRY,HLA-A*30:02,M,186,199,0.999,1,1,"Tarke et al., 2020"
IPIQASLPF,HLA-B*51:01,ORF3a,35,43,0.988,1,0.5,"Tarke et al., 2020"
YEQYIKWPW,HLA-B*44:02,S,1206,1214,0.99,1,0.2,"Tarke et al., 2020"
MSALNHTKK,HLA-A*30:01,ORF1a,1647,1655,0.996,1,1,"Tarke et al., 2020"
GEVFNATRF,HLA-B*44:02,S,339,347,0.999,1,0.2,"Tarke et al., 2020"
VFVSNGTHWF,HLA-A*24:02,S,1094,1103,0.999,1,0.25,"Tarke et al., 2020"
IEVNSFSGY,HLA-B*44:02,ORF1a,1023,1031,0.999,1,1,"Tarke et al., 2020"
SVPWDTIANY,HLA-A*26:01,ORF1a,2132,2141,0.998,1,0.5,"Tarke et al., 2020"
AEWFLAYIL,HLA-B*44:02,ORF1a,2325,2333,0.996,1,0.333,"Tarke et al., 2020"
TEKSNIIRGW,HLA-B*44:02,S,95,104,0.989,1,0.2,"Tarke et al., 2020"
NPIQLSSYSL,HLA-B*07:02,ORF1b,2632,2641,0.996,1,0.5,"Tarke et al., 2020"
DSAEVAVKM,HLA-A*26:01,ORF1a,2582,2590,0.997,1,0.5,"Tarke et al., 2020"
FLPRVFSAV,HLA-A*02:01,ORF1a,2884,2892,0.999,1,1,"Tarke et al., 2020"
NTVKSVGKF,HLA-A*26:01,ORF1a,2201,2209,0.996,1,0.5,"Tarke et al., 2020"
MSNLGMPSY,HLA-B*57:01,ORF1a,2254,2262,0.992,1,1,"Tarke et al., 2020"
VFAQVKQIY,HLA-A*29:02,S,781,789,0.999,1,0.25,"Tarke et al., 2020"
LPIGINITRF,HLA-B*07:02,S,229,238,0.999,1,0.2,"Tarke et al., 2020"
YGANKDGIIW,HLA-B*57:01,N,123,132,0.996,1,0.5,"Tarke et al., 2020"
FVSNGTHWF,HLA-B*35:01,S,1095,1103,0.999,1,0.25,"Tarke et al., 2020"
VTYVPAQEK,HLA-A*30:01,S,1065,1073,0.993,1,0.333,"Tarke et al., 2020"
VVSTGYHFR,HLA-A*11:01,ORF1b,332,340,0.999,1,1,"Tarke et al., 2020"
TISLAGSYK,HLA-A*68:01,ORF1a,1504,1512,0.998,1,0.5,"Tarke et al., 2020"
YTNSFTRGVY,HLA-A*26:01,S,28,37,0.994,1,0.25,"Tarke et al., 2020"
RVYSTGSNV,HLA-A*30:01,S,634,642,0.999,1,0.333,"Tarke et al., 2020"
ELIRQGTDY,HLA-A*26:01,N,290,298,0.996,1,0.333,"Tarke et al., 2020"
ISLAGSYKDW,HLA-B*57:01,ORF1a,1505,1514,0.998,1,0.5,"Tarke et al., 2020"
EIDPKLDNY,HLA-A*26:01,ORF1a,1891,1899,0.992,1,0.5,"Tarke et al., 2020"
AELAKNVSL,HLA-B*44:02,ORF1a,2618,2626,0.996,1,0.333,"Tarke et al., 2020"
DSKVGGNYNY,HLA-A*26:01,S,442,451,0.992,1,0.25,"Tarke et al., 2020"
SEYTGNYQCGHY,HLA-B*44:02,ORF1a,1825,1836,0.999,1,0.333,"Tarke et al., 2020"
TPINLVRDL,HLA-B*07:02,S,208,216,0.992,1,0.2,"Tarke et al., 2020"
TPCSFGGVSV,HLA-B*07:02,S,588,597,0.999,1,0.2,"Tarke et al., 2020"
INITRFQTL,HLA-B*08:01,S,233,241,0.998,1,0.2,"Tarke et al., 2020"
TLADAGFIK,HLA-A*03:01,S,827,835,0.998,1,0.25,"Tarke et al., 2020"
LVAEWFLAY,HLA-A*26:01,ORF1a,2323,2331,0.996,1,0.5,"Tarke et al., 2020"
LTDEMIAQY,HLA-A*29:02,S,865,873,0.999,1,0.25,"Tarke et al., 2020"
IAIPTNFTI,HLA-B*53:01,S,712,720,0.999,1,1,"Tarke et al., 2020"
KENSYTTTIKPVTY,HLA-B*44:02,ORF1a,1869,1882,0.997,1,0.333,"Tarke et al., 2020"
RIKASMPTT,HLA-A*30:01,ORF1a,2189,2197,0.997,1,1,"Tarke et al., 2020"
ETKCTLKSF,HLA-A*26:01,S,298,306,0.959,1,0.25,"Tarke et al., 2020"
LTAFGLVAEW,HLA-B*57:01,ORF1a,2318,2327,0.997,1,1,"Tarke et al., 2020"
KASMPTTIA,HLA-A*30:01,ORF1a,2191,2199,0.997,1,1,"Tarke et al., 2020"
RNRFLYIIK,HLA-A*30:01,M,42,50,0.999,1,0.5,"Tarke et al., 2020"
GYLQPRTFLL,HLA-A*24:02,S,268,277,0.947,1,0.25,"Tarke et al., 2020"
VASQSIIAY,HLA-A*29:02,S,687,695,0.994,1,0.25,"Tarke et al., 2020"
STAALGVLM,HLA-A*26:01,ORF1a,2246,2254,0.995,1,0.5,"Tarke et al., 2020"
VEVQPQLEM,HLA-B*40:01,ORF1a,1006,1014,0.999,1,0.5,"Tarke et al., 2020"
FVFKNIDGY,HLA-A*26:01,S,192,200,0.997,1,0.25,"Tarke et al., 2020"
CVADYSVLY,HLA-A*26:01,S,361,369,0.994,1,0.25,"Tarke et al., 2020"
NTNSSPDDQIGYY,HLA-A*01:01,N,75,87,0.997,1,0.333,"Tarke et al., 2020"
YERHSLSHF,HLA-B*44:02,ORF1a,2513,2521,0.998,1,0.333,"Tarke et al., 2020"
YSDVENPHLMGW,HLA-B*44:02,ORF1b,597,608,0.998,1,0.333,"Tarke et al., 2020"
IAIPTNFTI,HLA-B*51:01,S,712,720,0.999,1,0.25,"Tarke et al., 2020"
DTFCAGSTF,HLA-A*26:01,ORF1a,2456,2464,0.999,1,0.5,"Tarke et al., 2020"
EESSAKSASVY,HLA-B*44:02,ORF1a,2550,2560,0.987,1,0.333,"Tarke et al., 2020"
RVYSTGSNVF,HLA-A*24:02,S,634,643,0.999,1,0.25,"Tarke et al., 2020"
YYHKNNKSW,HLA-A*24:02,S,144,152,0.994,1,0.25,"Tarke et al., 2020"
IAATRGATV,HLA-B*51:01,ORF1b,570,578,0.996,1,0.25,"Tarke et al., 2020"
GVYFASTEK,HLA-A*68:01,S,89,97,0.997,1,0.5,"Tarke et al., 2020"
QELGKYEQY,HLA-B*44:03,S,1201,1209,0.998,1,0.2,"Tarke et al., 2020"
SSSDNIALL,HLA-A*68:02,M,212,220,0.999,1,1,"Tarke et al., 2020"
ATSRTLSYY,HLA-A*11:01,M,171,179,0.994,1,1,"Tarke et al., 2020"
EVFAQVKQIY,HLA-A*26:01,S,780,789,0.997,1,0.25,"Tarke et al., 2020"
LPYPDPSRIL,HLA-B*51:01,ORF1b,820,829,0.999,1,0.25,"Tarke et al., 2020"
VPLHGTIL,HLA-B*07:02,M,122,129,0.997,1,0.25,"Tarke et al., 2020"
QEVFAQVKQIY,HLA-B*44:02,S,779,789,0.997,1,0.2,"Tarke et al., 2020"
YAISAKNRAR,HLA-A*68:01,ORF1b,537,546,1,1,1,"Tarke et al., 2020"
FELDERIDKVL,HLA-B*40:01,ORF1a,843,853,0.997,1,0.5,"Tarke et al., 2020"
ELVIGAVILR,HLA-A*68:01,M,137,146,0.999,1,0.5,"Tarke et al., 2020"
ASMPTTIAK,HLA-A*30:01,ORF1a,2192,2200,0.996,1,1,"Tarke et al., 2020"
TEKSNIIRGW,HLA-B*44:03,S,95,104,0.989,1,0.25,"Tarke et al., 2020"
NASVVNIQK,HLA-A*68:01,S,1173,1181,0.997,1,0.5,"Tarke et al., 2020"
QVVDMSMTY,HLA-A*11:01,ORF1a,1582,1590,0.997,1,1,"Tarke et al., 2020"
MLAHAEETR,HLA-A*68:01,ORF1a,1378,1386,0.998,1,0.5,"Tarke et al., 2020"
DVFYKENSY,HLA-A*26:01,ORF1a,1865,1873,0.999,1,0.5,"Tarke et al., 2020"
GVYYPDKVFR,HLA-A*68:01,S,35,44,0.998,1,0.5,"Tarke et al., 2020"
NSFTRGVYY,HLA-A*26:01,S,30,38,0.997,1,0.25,"Tarke et al., 2020"
EPVLKGVKL,HLA-B*07:02,S,1262,1270,0.995,1,0.2,"Tarke et al., 2020"
HTTDPSFLGR,HLA-A*68:01,ORF1a,1636,1645,0.989,1,0.5,"Tarke et al., 2020"
NITRFQTL,HLA-B*08:01,S,234,241,0.999,1,0.2,"Tarke et al., 2020"
AEAELAKNV,HLA-B*44:02,ORF1a,2616,2624,0.997,1,0.333,"Tarke et al., 2020"
VENPDILRV,HLA-B*44:03,ORF1b,157,165,0.998,1,0.5,"Tarke et al., 2020"
YENFNQHEV,HLA-B*40:01,ORF1a,1135,1143,0.997,1,0.5,"Tarke et al., 2020"
EAKKVKPTV,HLA-B*51:01,ORF1a,1048,1056,0.997,1,0.333,"Tarke et al., 2020"
IANQFNSAI,HLA-B*51:01,S,923,931,0.998,1,0.25,"Tarke et al., 2020"
NTSNQVAVLY,HLA-A*26:01,S,603,612,0.999,1,0.25,"Tarke et al., 2020"
EILDITPCSF,HLA-A*26:01,S,583,592,0.994,1,0.25,"Tarke et al., 2020"
GTITVEELK,HLA-A*68:01,M,6,14,0.999,1,0.5,"Tarke et al., 2020"
GVVFLHVTY,HLA-A*32:01,S,1059,1067,0.999,1,0.5,"Tarke et al., 2020"
LPFNDGVYF,HLA-B*07:02,S,84,92,0.998,1,0.2,"Tarke et al., 2020"
TETDLTKGPHEF,HLA-B*44:02,ORF1b,792,803,0.996,1,0.333,"Tarke et al., 2020"
REGVFVSNGTHW,HLA-B*44:03,S,1091,1102,0.999,1,0.2,"Tarke et al., 2020"
KIYSKHTPI,HLA-B*08:01,S,202,210,0.997,1,0.2,"Tarke et al., 2020"
LSYFIASFR,HLA-A*68:01,M,93,101,0.999,1,0.5,"Tarke et al., 2020"
LTDEMIAQY,HLA-B*35:01,S,865,873,0.999,1,0.25,"Tarke et al., 2020"
LVSDIDITF,HLA-B*35:01,ORF1a,1270,1278,0.999,1,1,"Tarke et al., 2020"
GEVFNATRF,HLA-B*40:01,S,339,347,0.999,1,0.2,"Tarke et al., 2020"
AAGLEAPFLYLY,HLA-B*44:02,ORF3a,98,109,0.984,1,0.333,"Tarke et al., 2020"
EPLVDLPI,HLA-B*51:01,S,224,231,0.999,1,0.25,"Tarke et al., 2020"
YAWNRKRI,HLA-B*51:01,S,351,358,0.997,1,0.25,"Tarke et al., 2020"
LVIGAVILR,HLA-A*68:01,M,138,146,0.999,1,0.5,"Tarke et al., 2020"
GEVFNATRF,HLA-B*44:03,S,339,347,0.999,1,0.2,"Tarke et al., 2020"
AAISDYDYYR,HLA-A*68:01,ORF1b,439,448,0.993,1,1,"Tarke et al., 2020"
KEIDRLNEV,HLA-B*44:02,S,1181,1189,0.999,1,0.2,"Tarke et al., 2020"
AEVAVKMF,HLA-B*44:02,ORF1a,2584,2591,0.998,1,0.333,"Tarke et al., 2020"
TECSNLLLQY,HLA-B*44:03,S,747,756,0.999,1,0.2,"Tarke et al., 2020"
KQEILGTVSW,HLA-B*44:03,ORF1a,1364,1373,1,1,1,"Tarke et al., 2020"
ASRELKVTF,HLA-A*30:01,ORF1a,1951,1959,0.999,1,1,"Tarke et al., 2020"
EEVGHTDLMAAY,HLA-B*44:03,ORF1a,2088,2099,0.995,1,0.5,"Tarke et al., 2020"
SPRRARSV,HLA-B*08:01,S,680,687,0.996,1,0.2,"Tarke et al., 2020"
QLTPTWRVY,HLA-A*30:02,S,628,636,0.998,1,1,"Tarke et al., 2020"
EVFAQVKQI,HLA-B*51:01,S,780,788,0.997,1,0.25,"Tarke et al., 2020"
AYSNNSIAI,HLA-A*24:02,S,706,714,0.999,1,0.25,"Tarke et al., 2020"
TSNQVAVLY,HLA-B*35:01,S,604,612,0.999,1,0.25,"Tarke et al., 2020"
EVARDLSLQF,HLA-A*26:01,ORF1a,2468,2477,0.999,1,0.5,"Tarke et al., 2020"
VAAGLEAPF,HLA-B*35:01,ORF3a,97,105,0.987,1,0.333,"Tarke et al., 2020"
GADPIHSLR,HLA-A*68:01,ORF1a,1155,1163,0.994,1,0.5,"Tarke et al., 2020"
LTAVVIPTK,HLA-A*68:01,ORF1a,1296,1304,0.995,1,0.5,"Tarke et al., 2020"
VVVNAANVY,HLA-B*35:01,ORF1a,1056,1064,0.998,1,1,"Tarke et al., 2020"
TVYSHLLLV,HLA-A*02:01,ORF3a,89,97,0.993,1,0.333,"Tarke et al., 2020"
LPFNDGVYF,HLA-B*35:01,S,84,92,0.998,1,0.25,"Tarke et al., 2020"
GVYYHKNNK,HLA-A*03:01,S,142,150,0.993,1,0.25,"Tarke et al., 2020"
RYRIGNYKL,HLA-A*30:01,M,198,206,1,1,1,"Tarke et al., 2020"
FVIRGDEVR,HLA-A*68:01,S,400,408,0.996,1,0.5,"Tarke et al., 2020"
APSASAFFGM,HLA-B*07:02,N,308,317,0.998,1,0.333,"Tarke et al., 2020"
RASANLAATK,HLA-A*03:01,S,1019,1028,0.997,1,0.25,"Tarke et al., 2020"
FTIGTVTLK,HLA-A*68:01,ORF3a,8,16,0.983,1,1,"Tarke et al., 2020"
GTRNPANNA,HLA-A*30:01,N,147,155,0.997,1,0.5,"Tarke et al., 2020"
ADAGFIKQY,HLA-B*44:02,S,829,837,0.998,1,0.2,"Tarke et al., 2020"
LPPLLTDEM,HLA-B*35:01,S,861,869,0.999,1,0.25,"Tarke et al., 2020"
LEMELTPVV,HLA-B*40:01,ORF1a,1012,1020,0.994,1,0.5,"Tarke et al., 2020"
QVVNVVTTK,HLA-A*03:01,ORF1a,2749,2757,0.999,1,1,"Tarke et al., 2020"
MASLVLARK,HLA-A*68:01,ORF1b,624,632,0.998,1,1,"Tarke et al., 2020"
GPQNQRNAPRITF,HLA-B*07:02,N,5,17,0.977,1,0.333,"Tarke et al., 2020"
AMYTPHTVL,HLA-A*32:01,ORF1b,914,922,0.998,1,0.5,"Tarke et al., 2020"
RPQGLPNNTA,HLA-B*07:02,N,41,50,0.999,1,0.333,"Tarke et al., 2020"
DTIANYAKPF,HLA-A*26:01,ORF1a,2136,2145,0.996,1,0.5,"Tarke et al., 2020"
KEIDRLNEV,HLA-B*40:01,S,1181,1189,0.999,1,0.2,"Tarke et al., 2020"
FAVSKGFFK,HLA-A*11:01,ORF1b,413,421,0.999,1,1,"Tarke et al., 2020"
IPFAMQMAY,HLA-B*51:01,S,896,904,0.999,1,0.25,"Tarke et al., 2020"
IPTNFTISV,HLA-B*07:02,S,714,722,0.999,1,0.2,"Tarke et al., 2020"
YANRNRFLY,HLA-B*35:01,M,39,47,0.999,1,0.25,"Tarke et al., 2020"
EILPVSMTK,HLA-A*03:01,S,725,733,0.999,1,0.25,"Tarke et al., 2020"
KVGGNYNYLY,HLA-A*29:02,S,444,453,0.991,1,0.25,"Tarke et al., 2020"
HVTFFIYNK,HLA-A*68:01,ORF3a,227,235,0.998,1,1,"Tarke et al., 2020"
WEPEFYEAM,HLA-B*40:01,ORF1b,907,915,0.996,1,0.333,"Tarke et al., 2020"
HVTYVPAQEK,HLA-A*68:01,S,1064,1073,0.993,1,0.5,"Tarke et al., 2020"
QTVKPGNFNK,HLA-A*11:01,ORF1b,399,408,1,1,1,"Tarke et al., 2020"
VELGTEVNEF,HLA-B*44:02,ORF1a,862,871,0.998,1,1,"Tarke et al., 2020"
SELLTPLGI,HLA-B*40:01,ORF1a,887,895,0.995,1,0.5,"Tarke et al., 2020"
IPYNSVTSSIVI,HLA-B*51:01,ORF3a,158,169,0.99,1,0.5,"Tarke et al., 2020"
EGYLNSTNV,HLA-B*51:01,ORF1a,2268,2276,0.996,1,0.333,"Tarke et al., 2020"
LPYGANKDGI,HLA-B*51:01,N,121,130,0.996,1,0.333,"Tarke et al., 2020"
NKATYKPNTW,HLA-B*57:01,ORF1a,1999,2008,0.995,1,1,"Tarke et al., 2020"
YQDVNCTEV,HLA-A*02:06,S,,,0.095,1,0.5,"Tarke et al., 2020"
WTAGAAAYY,HLA-A*29:02,S,258,266,0.936,1,0.25,"Tarke et al., 2020"
DYVYLPYPDPSRI,HLA-B*51:01,ORF1b,816,828,0.999,1,0.25,"Tarke et al., 2020"
KTFPPTEPK,HLA-A*68:01,N,361,369,0.98,1,0.5,"Tarke et al., 2020"
AAVYRINW,HLA-B*57:01,M,68,75,0.997,1,0.5,"Tarke et al., 2020"
RLFARTRSM,HLA-A*30:01,M,101,109,0.999,1,1,"Tarke et al., 2020"
DFYDFAVSKGFFK,HLA-A*33:01,ORF1b,409,421,0.999,1,1,"Tarke et al., 2020"
APYIVGDVV,HLA-B*51:01,ORF1a,1283,1291,0.998,1,0.333,"Tarke et al., 2020"
FAMQMAYRF,HLA-B*35:01,S,898,906,0.999,1,0.25,"Tarke et al., 2020"
VTYVPAQEK,HLA-A*03:01,S,1065,1073,0.993,1,0.25,"Tarke et al., 2020"
SFPQSAPHGVVF,HLA-A*24:02,S,1051,1062,0.999,1,0.25,"Tarke et al., 2020"
RLFRKSNLK,HLA-A*31:01,S,454,462,0.994,1,0.5,"Tarke et al., 2020"
LPPAYTNSF,HLA-B*53:01,S,24,32,0.989,1,1,"Tarke et al., 2020"
AYVNTFSSTF,HLA-A*24:02,ORF1a,2593,2602,0.999,1,0.5,"Tarke et al., 2020"
GAAAYYVGY,HLA-A*29:02,S,261,269,0.938,1,0.25,"Tarke et al., 2020"
QEILGTVSW,HLA-B*44:03,ORF1a,1365,1373,1,1,1,"Tarke et al., 2020"
ESKPSVEQR,HLA-A*68:01,ORF1a,1217,1225,0.998,1,0.5,"Tarke et al., 2020"
LPFGWLIV,HLA-B*51:01,ORF3a,41,48,0.993,1,0.5,"Tarke et al., 2020"
MPTTIAKNTV,HLA-B*51:01,ORF1a,2194,2203,0.996,1,0.333,"Tarke et al., 2020"
TLDSKTQSL,HLA-B*08:01,S,109,117,0.999,1,0.2,"Tarke et al., 2020"
SEIIGYKAI,HLA-B*40:01,ORF1a,2804,2812,0.996,1,1,"Tarke et al., 2020"
TVYDPLQPELDSFK,HLA-A*03:01,S,1136,1149,0.972,1,0.25,"Tarke et al., 2020"
SWMESEFRVY,HLA-A*29:02,S,151,160,0.994,1,0.25,"Tarke et al., 2020"
AEAELAKNV,HLA-B*44:03,ORF1a,2616,2624,0.997,1,0.5,"Tarke et al., 2020"
KVFRSSVLH,HLA-A*30:01,S,41,49,0.997,1,0.333,"Tarke et al., 2020"
VPMEKLKTL,HLA-B*51:01,ORF1a,2604,2612,0.994,1,0.333,"Tarke et al., 2020"
FAYANRNRF,HLA-B*35:01,M,37,45,1,1,0.25,"Tarke et al., 2020"
VYLPYPDPSRI,HLA-B*51:01,ORF1b,818,828,0.999,1,0.25,"Tarke et al., 2020"
MFTPLVPFW,HLA-A*24:02,ORF1a,3131,3139,0.999,1,0.5,"Tarke et al., 2020"
FAYTKRNVI,HLA-B*51:01,ORF1b,519,527,0.999,1,0.25,"Tarke et al., 2020"
RTNVYLAVF,HLA-B*57:01,ORF1a,1170,1178,0.996,1,0.5,"Tarke et al., 2020"
FVVSTGYHFR,HLA-A*68:01,ORF1b,331,340,0.999,1,1,"Tarke et al., 2020"
IMASLVLAR,HLA-A*33:01,ORF1b,623,631,0.998,1,1,"Tarke et al., 2020"
SEDAQGMDNL,HLA-B*40:01,ORF1a,2030,2039,0.996,1,0.5,"Tarke et al., 2020"
AKSHNIALIW,HLA-B*57:01,ORF1a,2704,2713,0.999,1,1,"Tarke et al., 2020"
WFVTQRNFY,HLA-A*29:02,S,1102,1110,0.999,1,0.25,"Tarke et al., 2020"
SICSTMTNR,HLA-A*33:01,ORF1b,552,560,0.999,1,1,"Tarke et al., 2020"
NGTITVEELK,HLA-A*68:01,M,5,14,0.999,1,0.5,"Tarke et al., 2020"
FLAHIQWMV,HLA-A*02:06,ORF1a,3122,3130,0.999,1,1,"Tarke et al., 2020"
TLKEILVTY,HLA-A*29:02,ORF1b,132,140,0.994,1,1,"Tarke et al., 2020"
YGFQPTNGV,HLA-B*51:01,S,495,503,0.992,1,0.25,"Tarke et al., 2020"
TPHTVLQAV,HLA-B*51:01,ORF1b,917,925,0.999,1,0.25,"Tarke et al., 2020"
DGVYFASTEK,HLA-A*68:01,S,88,97,0.996,1,0.5,"Tarke et al., 2020"
YVMHANYIF,HLA-A*32:01,ORF1b,2619,2627,0.997,1,1,"Tarke et al., 2020"
FERDISTEIY,HLA-B*44:03,S,464,473,0.995,1,0.2,"Tarke et al., 2020"
EEVVENPTI,HLA-B*44:03,ORF1a,2049,2057,0.998,1,0.5,"Tarke et al., 2020"
KAYNVTQAF,HLA-B*57:01,N,266,274,0.996,1,0.5,"Tarke et al., 2020"
WLDMVDTSL,HLA-A*02:01,ORF1a,3666,3674,0.999,1,1,"Tarke et al., 2020"
AGLPYGANK,HLA-A*30:01,N,119,127,0.998,1,0.5,"Tarke et al., 2020"
IASFRLFAR,HLA-A*33:01,M,97,105,0.999,1,1,"Tarke et al., 2020"
KVAGFAKFLK,HLA-A*11:01,ORF1b,32,41,0.997,1,1,"Tarke et al., 2020"
QTNSPRRAR,HLA-A*31:01,S,677,685,0.995,1,0.5,"Tarke et al., 2020"
AEHVNNSY,HLA-B*44:03,S,653,660,0.996,1,0.25,"Tarke et al., 2020"
AYVDNSSLTI,HLA-A*24:02,ORF1a,2098,2107,0.994,1,0.5,"Tarke et al., 2020"
YIATNGPLK,HLA-A*11:01,ORF1a,1090,1098,0.997,1,1,"Tarke et al., 2020"
RTTNGDFLHF,HLA-B*57:01,ORF1a,2875,2884,0.997,1,1,"Tarke et al., 2020"
QYIKWPWYIW,HLA-A*23:01,S,1208,1217,0.99,1,0.5,"Tarke et al., 2020"
QPTESIVRF,HLA-B*35:01,S,321,329,0.961,1,0.25,"Tarke et al., 2020"
ITDVFYKENSY,HLA-A*01:01,ORF1a,1863,1873,0.998,1,0.5,"Tarke et al., 2020"
SANNCTFEY,HLA-B*35:01,S,162,170,0.998,1,0.25,"Tarke et al., 2020"
SVYAWNRKR,HLA-A*03:01,S,349,357,0.997,1,0.25,"Tarke et al., 2020"
YMSALNHTK,HLA-A*03:01,ORF1a,1646,1654,0.995,1,1,"Tarke et al., 2020"
AEWFLAYILF,HLA-B*44:02,ORF1a,2325,2334,0.996,1,0.333,"Tarke et al., 2020"
IPTNFTISV,HLA-B*51:01,S,714,722,0.999,1,0.25,"Tarke et al., 2020"
LPQGFSAL,HLA-B*07:02,S,216,223,0.838,1,0.2,"Tarke et al., 2020"
LPFNDGVYF,HLA-B*51:01,S,84,92,0.998,1,0.25,"Tarke et al., 2020"
MSNLGMPSY,HLA-B*15:01,ORF1a,2254,2262,0.992,1,1,"Tarke et al., 2020"
MELTPVVQTI,HLA-B*40:01,ORF1a,1014,1023,0.992,1,0.5,"Tarke et al., 2020"
DSGFAAYSR,HLA-A*68:01,M,190,198,1,1,0.5,"Tarke et al., 2020"
AGLEAPFLY,HLA-A*29:02,ORF3a,99,107,0.987,1,0.5,"Tarke et al., 2020"
LPIGINITRF,HLA-B*35:01,S,229,238,0.999,1,0.25,"Tarke et al., 2020"
ATVVIGTSK,HLA-A*11:01,ORF1b,576,584,0.999,1,1,"Tarke et al., 2020"
VENPDILRVY,HLA-B*44:02,ORF1b,157,166,0.998,1,0.333,"Tarke et al., 2020"
LEFGATSAAL,HLA-B*40:01,ORF1a,960,969,0.997,1,0.5,"Tarke et al., 2020"
NELSRVLGL,HLA-B*40:01,ORF1a,2111,2119,0.998,1,0.5,"Tarke et al., 2020"
LPPAYTNSF,HLA-B*07:02,S,24,32,0.989,1,0.2,"Tarke et al., 2020"
LVAEWFLAY,HLA-A*29:02,ORF1a,2323,2331,0.996,1,0.5,"Tarke et al., 2020"
LPLVSSQCV,HLA-B*51:01,S,8,16,0.995,1,0.25,"Tarke et al., 2020"
SALNHTKKW,HLA-B*57:01,ORF1a,1648,1656,0.996,1,0.5,"Tarke et al., 2020"
VVFLHVTYV,HLA-A*02:06,S,1060,1068,0.997,1,0.5,"Tarke et al., 2020"
AISDYDYYR,HLA-A*11:01,ORF1b,440,448,0.993,1,1,"Tarke et al., 2020"
MPYFFTLL,HLA-B*51:01,ORF1a,2169,2176,0.999,1,0.333,"Tarke et al., 2020"
NPLLYDANY,HLA-B*53:01,ORF3a,137,145,0.996,1,1,"Tarke et al., 2020"
VARDLSLQF,HLA-B*57:01,ORF1a,2469,2477,0.999,1,1,"Tarke et al., 2020"
FVVPGLPGT,HLA-A*02:06,ORF1a,2864,2872,0.996,1,1,"Tarke et al., 2020"
YNYLYRLFR,HLA-A*31:01,S,449,457,0.993,1,0.5,"Tarke et al., 2020"
VATSRTLSY,HLA-B*35:01,M,170,178,0.994,1,0.25,"Tarke et al., 2020"
YPQVNGLTSI,HLA-B*51:01,ORF1a,1658,1667,0.998,1,0.333,"Tarke et al., 2020"
TEIDPKLDNYY,HLA-B*44:02,ORF1a,1890,1900,0.992,1,0.333,"Tarke et al., 2020"
VYYPDKVF,HLA-A*24:02,S,36,43,0.998,1,0.25,"Tarke et al., 2020"
IAAVITREV,HLA-B*51:01,ORF1a,2854,2862,0.998,1,1,"Tarke et al., 2020"
EVKPFITESK,HLA-A*68:01,ORF1a,1210,1219,0.997,1,0.5,"Tarke et al., 2020"
NESLIDLQEL,HLA-B*40:01,S,1194,1203,0.998,1,0.2,"Tarke et al., 2020"
GTHWFVTQR,HLA-A*31:01,S,1099,1107,0.999,1,0.5,"Tarke et al., 2020"
FASVYAWNR,HLA-A*68:01,S,347,355,0.999,1,0.5,"Tarke et al., 2020"
LPPAYTNSF,HLA-B*35:01,S,24,32,0.989,1,0.25,"Tarke et al., 2020"
QEVFAQVKQIY,HLA-B*44:03,S,779,789,0.997,1,0.2,"Tarke et al., 2020"
FLPFFSNVTW,HLA-B*53:01,S,55,64,0.999,1,1,"Tarke et al., 2020"
NATRFASVY,HLA-B*35:01,S,343,351,0.999,1,0.25,"Tarke et al., 2020"
QPTESIVRF,HLA-B*07:02,S,321,329,0.961,1,0.2,"Tarke et al., 2020"
ASRELKVTF,HLA-B*57:01,ORF1a,1951,1959,0.999,1,1,"Tarke et al., 2020"
ASFDNFKFV,HLA-A*02:06,ORF1a,1923,1931,0.997,1,1,"Tarke et al., 2020"
VSSPDAVTAY,HLA-B*57:01,ORF1a,1477,1486,0.999,1,0.5,"Tarke et al., 2020"
YANRNRFLY,HLA-A*01:01,M,39,47,0.999,1,0.25,"Tarke et al., 2020"
REQIDGYVMHANY,HLA-B*44:02,ORF1b,2613,2625,0.986,1,0.5,"Tarke et al., 2020"
DAVRDPQTL,HLA-B*51:01,S,574,582,0.997,1,0.25,"Tarke et al., 2020"
FPREGVFV,HLA-B*51:01,S,1089,1096,1,1,0.25,"Tarke et al., 2020"
VYMPASWVM,HLA-A*24:02,ORF1a,3653,3661,0.994,1,1,"Tarke et al., 2020"
VAIHADQLTPTW,HLA-B*57:01,S,622,633,0.991,1,1,"Tarke et al., 2020"
FLYENAFLP,HLA-A*02:01,ORF1a,3605,3613,0.923,1,1,"Tarke et al., 2020"
RFASVYAWNR,HLA-A*31:01,S,346,355,0.999,1,0.5,"Tarke et al., 2020"
FERDISTEI,HLA-B*40:01,S,464,472,0.995,1,0.2,"Tarke et al., 2020"
AVHFISNSW,HLA-B*57:01,ORF1a,2355,2363,0.996,1,1,"Tarke et al., 2020"
YIFFASFYY,HLA-A*29:02,ORF1a,2384,2392,0.999,1,0.5,"Tarke et al., 2020"
KSAAEASKK,HLA-A*11:01,N,249,257,0.998,1,0.333,"Tarke et al., 2020"
IYLYLTFYL,HLA-A*24:02,ORF1a,3108,3116,0.999,1,0.5,"Tarke et al., 2020"
VVTTKIALK,HLA-A*03:01,ORF1a,2753,2761,0.999,1,1,"Tarke et al., 2020"
DYKHYTPSF,HLA-A*24:02,ORF1a,1971,1979,0.998,1,0.5,"Tarke et al., 2020"
FVENPDILRV,HLA-A*02:06,ORF1b,156,165,0.998,1,1,"Tarke et al., 2020"
YYKKDNSYF,HLA-A*24:02,ORF1a,1899,1907,0.999,1,0.5,"Tarke et al., 2020"
AYILFTRF,HLA-A*24:02,ORF1a,2330,2337,0.997,1,0.5,"Tarke et al., 2020"
VVAIDYKHY,HLA-B*15:01,ORF1a,1967,1975,0.999,1,1,"Tarke et al., 2020"
MSALNHTKKW,HLA-B*57:01,ORF1a,1647,1656,0.995,1,0.5,"Tarke et al., 2020"
TTIAKNTVK,HLA-A*30:01,ORF1a,2196,2204,0.996,1,1,"Tarke et al., 2020"
ATSRTLSYY,HLA-B*57:01,M,171,179,0.994,1,0.5,"Tarke et al., 2020"
SVLNDILSR,HLA-A*68:01,S,975,983,0.999,1,0.5,"Tarke et al., 2020"
RLQSLQTY,HLA-B*15:01,S,1000,1007,0.999,1,0.333,"Tarke et al., 2020"
YFTSDYYQLY,HLA-A*29:02,ORF3a,206,215,0.997,1,0.5,"Tarke et al., 2020"
SASKIITLKKRW,HLA-B*57:01,ORF3a,58,69,0.992,1,0.5,"Tarke et al., 2020"
ITLKKRWQL,HLA-B*57:01,ORF3a,63,71,0.995,1,0.5,"Tarke et al., 2020"
YKTFPPTEPK,HLA-A*68:01,N,360,369,0.98,1,0.5,"Tarke et al., 2020"
AEIRASANL,HLA-B*44:03,S,1016,1024,0.998,1,0.2,"Tarke et al., 2020"
MSMTYGQQF,HLA-B*57:01,ORF1a,1586,1594,0.997,1,0.5,"Tarke et al., 2020"
VVDYGARFY,HLA-A*01:01,ORF1a,1415,1423,0.999,1,0.333,"Tarke et al., 2020"
QEYADVFHLY,HLA-A*29:02,ORF1b,866,875,0.998,1,1,"Tarke et al., 2020"
SAKSASVYY,HLA-B*57:01,ORF1a,2553,2561,0.987,1,1,"Tarke et al., 2020"
MPASWVMRI,HLA-B*07:02,ORF1a,3655,3663,0.994,1,0.5,"Tarke et al., 2020"
STGSNVFQTR,HLA-A*31:01,S,637,646,0.999,1,0.5,"Tarke et al., 2020"
KMFDAYVNTF,HLA-A*24:02,ORF1a,2589,2598,0.999,1,0.5,"Tarke et al., 2020"
FADDLNQLTGY,HLA-A*01:01,ORF1a,1937,1947,0.999,1,0.5,"Tarke et al., 2020"
SLIYSTAAL,HLA-A*02:01,ORF1a,2242,2250,0.994,1,0.5,"Tarke et al., 2020"
KSAGFPFNK,HLA-A*03:01,ORF1b,491,499,1,1,1,"Tarke et al., 2020"
VTVKNGSIHLY,HLA-A*01:01,ORF1a,2494,2504,0.982,1,0.5,"Tarke et al., 2020"
SLDNVLSTF,HLA-A*32:01,ORF1a,2625,2633,0.997,1,0.5,"Tarke et al., 2020"
ISTKHFYW,HLA-B*57:01,ORF1a,3148,3155,0.999,1,1,"Tarke et al., 2020"
STNVTIATY,HLA-A*01:01,ORF1a,2273,2281,0.993,1,0.5,"Tarke et al., 2020"
RLFRKSNLK,HLA-A*03:01,S,454,462,0.994,1,0.25,"Tarke et al., 2020"
STGSNVFQTR,HLA-A*68:01,S,637,646,0.999,1,0.5,"Tarke et al., 2020"
KFCLEASFNY,HLA-A*29:02,ORF1a,2208,2217,0.995,1,0.5,"Tarke et al., 2020"
TSNPTTFHL,HLA-B*57:01,ORF1a,1538,1546,0.995,1,0.5,"Tarke et al., 2020"
LGAENSVAY,HLA-B*35:01,S,699,707,0.998,1,0.25,"Tarke et al., 2020"
VMYMGTLSY,HLA-A*03:01,ORF1a,1768,1776,0.993,1,1,"Tarke et al., 2020"
LPRVFSAV,HLA-B*51:01,ORF1a,2885,2892,0.999,1,1,"Tarke et al., 2020"
LPGVYSVI,HLA-B*51:01,ORF1a,3101,3108,1,1,1,"Tarke et al., 2020"
QSDIEVTGDSCNNY,HLA-A*01:01,ORF1a,2660,2673,0.999,1,0.5,"Tarke et al., 2020"
ALDPLSETK,HLA-A*03:01,S,292,300,0.957,1,0.25,"Tarke et al., 2020"
FGEYSHVVAF,HLA-B*40:01,ORF1a,3071,3080,0.988,1,1,"Tarke et al., 2020"
KTFPPTEPKKDKKK,HLA-A*03:01,N,361,374,0.975,1,0.5,"Tarke et al., 2020"
IHADQLTPTW,HLA-B*53:01,S,624,633,0.994,1,1,"Tarke et al., 2020"
AIVSTIQRK,HLA-A*03:01,ORF1a,1397,1405,0.997,1,1,"Tarke et al., 2020"
YSRYRIGNYK,HLA-A*30:01,M,196,205,1,1,1,"Tarke et al., 2020"
KLMGHFAWW,HLA-A*32:01,ORF1b,2579,2587,0.995,1,1,"Tarke et al., 2020"
RVAGDSGFAAY,HLA-A*01:01,M,186,196,1,1,0.333,"Tarke et al., 2020"
EILPVSMTK,HLA-A*68:01,S,725,733,0.999,1,0.5,"Tarke et al., 2020"
SSAKSASVY,HLA-B*15:01,ORF1a,2552,2560,0.987,1,1,"Tarke et al., 2020"
KFLPFQQFGR,HLA-A*31:01,S,558,567,0.999,1,0.5,"Tarke et al., 2020"
STNVTIATY,HLA-A*32:01,ORF1a,2273,2281,0.993,1,0.5,"Tarke et al., 2020"
YVYANGGKGF,HLA-B*15:01,ORF1a,2435,2444,1,1,1,"Tarke et al., 2020"
STVFPPTSF,HLA-B*57:01,ORF1b,,,0.096,1,1,"Tarke et al., 2020"
KLINIIIWF,HLA-A*32:01,ORF1a,2225,2233,0.996,1,0.5,"Tarke et al., 2020"
HSYFTSDYY,HLA-A*29:02,ORF3a,204,212,0.998,1,0.5,"Tarke et al., 2020"
TNVLEGSVAY,HLA-B*35:01,ORF1a,2936,2945,0.999,1,0.333,"Tarke et al., 2020"
EIDPKLDNY,HLA-A*01:01,ORF1a,1891,1899,0.992,1,0.5,"Tarke et al., 2020"
GVYYPDKVFR,HLA-A*03:01,S,35,44,0.998,1,0.25,"Tarke et al., 2020"
EVTPSGTWLTY,HLA-A*26:01,N,323,333,0.997,1,0.333,"Tarke et al., 2020"
KVAGFAKFL,HLA-A*32:01,ORF1b,32,40,0.997,1,0.5,"Tarke et al., 2020"
DASGKPVPY,HLA-B*35:01,ORF1a,2924,2932,0.999,1,0.333,"Tarke et al., 2020"
AEIRASANL,HLA-B*40:01,S,1016,1024,0.998,1,0.2,"Tarke et al., 2020"
LYDKLVSSF,HLA-A*24:02,ORF1a,1182,1190,0.998,1,1,"Tarke et al., 2020"
LEAPFLYLY,HLA-A*29:02,ORF3a,101,109,0.99,1,0.5,"Tarke et al., 2020"
NSASFSTFK,HLA-A*68:01,S,370,378,0.994,1,0.5,"Tarke et al., 2020"
WTFGAGAAL,HLA-A*26:01,S,886,894,0.999,1,0.25,"Tarke et al., 2020"
YYQLYSTQL,HLA-A*24:02,ORF3a,211,219,0.997,1,0.5,"Tarke et al., 2020"
TSNQVAVLY,HLA-A*26:01,S,604,612,0.999,1,0.25,"Tarke et al., 2020"
RTRSMWSF,HLA-B*57:01,M,105,112,0.999,1,0.5,"Tarke et al., 2020"
FVNEFYAYLR,HLA-A*33:01,ORF1b,732,741,0.998,1,1,"Tarke et al., 2020"
NVYADSFVIR,HLA-A*68:01,S,394,403,0.996,1,0.5,"Tarke et al., 2020"
DAVNLLTNM,HLA-B*51:01,ORF1a,3022,3030,0.997,1,1,"Tarke et al., 2020"
VAMPNLYKM,HLA-B*57:01,ORF1b,2406,2414,0.997,1,1,"Tarke et al., 2020"
SVASQSIIAY,HLA-A*29:02,S,686,695,0.994,1,0.333,"Tarke et al., 2020"
LPFAMGIIAM,HLA-B*07:02,ORF1a,3612,3621,0.991,1,0.5,"Tarke et al., 2020"
RIAGHHLGR,HLA-A*03:01,M,150,158,0.999,1,0.5,"Tarke et al., 2020"
YTMSLGAENSVAY,HLA-A*26:01,S,695,707,0.997,1,0.25,"Tarke et al., 2020"
FELDERIDKV,HLA-A*02:01,ORF1a,843,852,0.997,1,0.333,"Tarke et al., 2020"
AEVQIDRLI,HLA-B*44:03,S,989,997,1,1,0.2,"Tarke et al., 2020"
GTITSGWTF,HLA-B*57:01,S,880,888,0.999,1,1,"Tarke et al., 2020"
FPQSAPHGV,HLA-B*53:01,S,1052,1060,0.999,1,1,"Tarke et al., 2020"
YECDIPIGAGI,HLA-B*40:01,S,660,670,0.999,1,0.2,"Tarke et al., 2020"
AEVQIDRL,HLA-B*40:01,S,989,996,1,1,0.2,"Tarke et al., 2020"